,ME1,ME8,ME7,ME5,ME6,ME9,ME3,ME4,ME0
ADD,-0.174833296452433,-0.193242501505988,0.103707816803311,-0.119847738165671,-0.142602161585388,0.0331511227102228,0.291351335969248,0.167341642782241,0.0017693271444325
NC,-6.66133814775094e-16,-2.2204460492503099e-16,0.0,5.55111512312578e-16,0.0,2.2204460492503099e-16,7.771561172376101e-16,-4.44089209850063e-16,1.17961196366423e-16
ADD,0.0943381592191607,0.0065734921014063,-0.225655712296923,0.0915447429401293,0.0759643198494643,0.0854479695293467,-0.146148162189123,-0.0805294504920307,-0.0436578551357452
NC,0.26227071608988,-0.0452985352140164,-0.312541422255717,-0.31290772952604,-0.251576788534927,-0.0424151364494674,-0.145722104572339,-0.275382952489826,-0.279964527672569
ADD,-0.0668948936115176,0.115711698239166,-0.0165915804519511,0.202239497095616,-0.0296595461031739,0.223726848859886,-0.234855176451461,-0.0493605392574069,-0.0136475797692394
ADD,-0.019873326938188,-0.0649377552608335,-0.0474098236143994,-0.126020458426402,-0.152029013239152,0.064189593232679,0.0927494111027442,0.0225185226973657,-0.0747431194109385
ADD,0.041232153169611,-0.124238763249494,-0.0454311313710401,0.0428622005810191,-0.108933751563972,-0.173541051866537,-0.0758799001150746,-0.0325952827797044,-0.0331776960552044
RAD,0.19512146393692,-0.0978561719465323,-0.292779168140737,-0.23611257033897,-0.193719555403869,-0.004780755789186,0.0857476725983597,-0.0386479913741644,-0.0510540492598162
ADD,-0.0315032687480828,0.140223847005685,-0.0514340354336072,-0.0251648077734474,0.129752796748444,-0.0031468095525702,0.0343533968249562,0.0133200161291252,0.011997401319236
RAD,0.02348168389365,0.0209805243974495,0.0658344948490183,0.0022230594136838,0.0696036441698407,-0.117181122319057,-0.0308379969049898,-0.0308714092184465,-0.0995855963953721
RAD,0.0129674582606545,-0.199718972861502,0.165016920160176,-0.0674792938987209,-0.0041590050143387,0.294189284070206,0.0391752953366006,-0.0330182318595374,-0.0909477831794212
RAD,0.163871689816339,-0.012592899379739,0.0717594978915639,-0.208867082208127,0.0301556756605107,-0.114187924237183,-0.0706458343715974,-0.181169676543016,-0.108283140449058
RAD,1.32885703273053e-16,-3.14550373788435e-16,1.97545319926273e-18,4.1698876061319797e-16,-4.32113970698882e-17,2.92171820558254e-16,7.85038824671786e-16,-2.93800451621856e-17,1.2338220722885e-16
ADD,0.122428189217274,-0.0380620960252172,-0.120139609501223,0.0526769875529924,-0.0137387217333298,0.147283334715541,-0.221232336972484,-0.152737886778653,-0.0280769225497605
ADD,-0.0024990539622021,0.02475460380249,0.168478521036252,0.0163213790071733,0.119425526299722,0.14154984378023,0.0074586197390985,-0.072838749261793,-0.0536155923849254
NC,0.319617162912533,-0.124506197397663,-0.0916699817160048,-0.318412827047835,-0.072839558483238,0.0318358528152393,-0.254862900994409,-0.428346525383077,-0.420713638043748
ADD,0.0530425799123118,0.229726057206504,-0.0102673321653782,0.129791741283356,0.0565978954691935,-0.0773144884968679,-0.247691405776171,-0.115476372707665,-0.0059310012776745
ADD,-0.208559801909904,-0.003773651924723,-0.013452736123267,0.0837472387748068,-0.0658800358788353,0.170741500568841,0.322714175422889,0.316597791294327,0.27526955254214
RAD,0.132374346427303,-0.178574473927802,-0.0475590254519835,-0.0944917389115816,-0.0551525740439342,0.0385718862917135,-0.0582697956179545,-0.119799523804516,-0.0702804501512109
ADD,-0.110081340041489,5.24162452839763e-05,0.0610781708033637,-0.0573818235986297,-0.185555655903797,0.235495475525181,0.192319585230866,0.134125795528352,0.087136407925815
ADD,-0.248577737795833,-0.2311155707068,0.0995002386669015,0.286327479149934,0.0747301376490001,-0.0703183581214127,0.0390138317486047,0.248108425148906,0.361899584973942
ADD,-0.0912217338034361,0.220000322403558,0.108373222928851,0.161087793507849,0.0944694456106849,0.132225133692749,-0.100589791771882,0.0682382256445166,0.113124898542776
ADD,-0.0521382444824996,0.250973150948214,0.0636415057779918,0.213976898099982,0.0897494707590593,0.182265195195547,-0.340023589192605,-0.188006309604756,-0.15786983595688
NC,0.115403408573451,0.227094464556099,0.0076112833010625,0.0218316554602384,0.112765368331218,-0.251759118396292,-0.0707386109221949,-0.0639444715938248,-0.0584626855311489
ADD,0.0101772278288146,0.36078978818714,-0.0798895864228313,-0.0279411930692691,-0.150531040191574,-0.11901243628684,-0.0120652514259366,0.009420776122274,0.082456485652314
NC,-0.119388170466568,0.0668516427532569,0.0966160773211654,0.231183587926853,0.320042167706358,-0.0352305434751134,-0.0111799196116146,0.127507787146207,0.204650885443061
ADD,0.000607934218146,-0.034803251888565,0.0334468843892012,-0.0910250899491897,-0.154521713382246,0.172664476053076,0.115711093851935,0.0569743206977831,-0.0308445801953914
ADD,-0.0361203103553186,0.104401432514793,-0.0448397978608389,0.143845312586195,0.102209351372569,-0.443363179584543,-0.104151913993647,0.00151714490898,0.0226503258653172
ADD,0.0519035914380514,-0.0812259685822279,-0.0919701291600878,-0.0461239672211565,-0.1150343752721,0.0055073598540477,0.0289423448853952,-0.0070116674937885,-0.0709733669121494
NC,-0.0984429767548622,0.138715356236811,-0.26183968345125,0.0584547464996819,-0.10251291365043,-0.148974785442045,0.145987046042687,0.174959556559979,0.201531519361242
NC,0.1158875299113,-0.0312516647835497,0.0491359663271846,-0.0608745157090283,0.135129470013146,-0.388955045654502,-0.0934936037021985,-0.142501995044383,-0.219349479870591
ADD,-0.2010223310352,0.141464576494509,-0.172190619782057,0.0919950069715618,-0.177977407746949,0.0846857482085016,0.25262626656769,0.302568742948878,0.248783036816614
RAD,-0.0117730675546327,-0.0425831997573543,-0.0627225202097467,-0.0670721409828886,-0.0295292019928784,-0.0468042700654397,0.0236311015030311,-0.0332892117356228,-0.0223987143791759
NC,0.0387847266700645,-0.288220597326369,0.248825131615778,-0.10536104305617,-0.0844909692835904,0.0691972261242673,0.190038744978548,0.115021879015975,0.0730935565801284
ADD,-0.606914059851342,0.149072735746347,0.394803637060782,0.435506135273477,0.545523745456979,0.0650798879485026,0.150953785995566,0.314326401160225,0.35180803270135
RAD,0.0065353101487154,0.19945710665609,0.27087161334041,0.0880652462356773,0.320961503336611,-0.0253853474954459,-0.132663071973241,-0.124355172422078,-0.0814645523722141
RAD,0.230231049304344,-0.264222092765968,-0.214775404029246,-0.255521739908734,-0.19960033497883,-0.0532318395342492,-0.0121682541918617,-0.128193953160369,-0.158642734277125
NC,0.0025370995219463,0.0039477257057602,0.329866119361075,-0.0538257841392416,0.0554890994719775,-0.0017218671172089,0.165236921111892,0.0735651253441249,-0.0389047527504216
NC,-0.0832914636832812,0.0430404619850536,0.0266923507029006,0.0203098763344168,-0.126551504047453,-0.0639440375512232,0.275668234119212,0.262476997133618,0.249288254181874
NC,0.103526624270403,-0.260209196565742,0.133815149973052,-0.12252542799239,0.0100834387650598,-0.102925492616131,0.0663322703694175,-0.0384623159551305,-0.0838684736776328
RAD,0.122567635371398,-0.222203621332035,-0.132805678972826,-0.11691798497043,-0.0386820804842767,0.0131484469339641,0.0701202972413233,-0.0076263670241644,-0.0234060029793612
RAD,-0.0358153660155548,-0.0048204514285693,-0.091674711879885,0.0849504868889197,0.0016741679767419,0.249031718448158,-0.121126502519838,-0.0182096767172072,0.0189253084706774
RAD,-0.0199572966499329,0.099626230645074,-0.0714349120190457,0.0549338853103459,0.110950683871697,-0.155794294506571,-0.105785307369431,-0.0462134175617014,0.0154795531158541
